 > ::1, 1380838028
 > 174.50.73.243, 1380839589
 > 174.50.73.243, 1380842103
 > 174.50.73.243, 1380842122
 > 174.50.73.243, 1380842207
 > 66.249.74.139, 1380847919
 > 69.138.91.189, 1380848787
 > 69.138.91.189, 1380848793
 > 69.138.91.189, 1380848830
 > 69.138.91.189, 1380848897
 > 69.138.91.189, 1380849075
 > 174.50.73.243, 1380851241
 > 174.28.226.203, 1380854478
 > 69.138.91.189, 1380856895
 > 66.249.74.169, 1380909181
 > 174.50.73.243, 1380909843
 > 174.50.73.243, 1380913562
 > 174.50.73.243, 1380917106
 > 174.50.73.243, 1380923048
 > 50.17.53.44, 1380925439
 > 174.50.73.243, 1380927383
 > 174.50.73.243, 1380931868
 > 68.35.2.219, 1380939440
 > 68.35.2.219, 1380941566
 > 5.9.189.39, 1380949107
 > 37.230.117.207, 1380972353
 > 174.50.73.243, 1380992071
 > 66.249.73.174, 1380994356
 > 174.50.73.243, 1381000163
 > 5.9.189.39, 1381002300
 > 166.137.209.26, 1381002845
 > 174.50.73.243, 1381008329
 > 180.76.6.232, 1381018932
 > 46.165.240.92, 1381071752
 > 174.50.73.243, 1381073394
 > 66.249.73.174, 1381080119
 > 174.50.73.243, 1381083399
 > 66.249.73.174, 1381086095
 > 174.28.226.203, 1381089095
 > 202.46.63.42, 1381116134
 > 119.63.193.131, 1381116222
 > 66.249.73.102, 1381135247
 > 198.27.82.150, 1381138416
 > 198.27.82.158, 1381152093
 > 85.25.235.185, 1381160378
 > 85.25.235.185, 1381160380
 > 174.50.73.243, 1381164959
 > 174.50.73.243, 1381171175
 > 64.246.165.170, 1381172100
 > 174.50.73.243, 1381178855
 > 66.249.75.62, 1381182172
 > 174.50.73.243, 1381191848
 > 174.50.73.243, 1381198054
 > 198.27.82.183, 1381202544
 > 66.249.66.62, 1381207891
 > 66.249.66.40, 1381228489
 > 66.249.73.174, 1381246080
 > 174.50.73.243, 1381247136
 > 66.249.73.102, 1381249352
 > 174.50.73.243, 1381255230
 > 71.33.32.122, 1381269257
 > 115.47.39.175, 1381284800
 > 162.210.196.130, 1381301382
 > 66.249.73.174, 1381301840
 > 66.249.64.1, 1381363535
 > 178.154.178.251, 1381405031
 > 69.58.178.59, 1381438008
 > 69.58.178.59, 1381438009
 > 66.249.73.174, 1381472129
 > 66.249.64.8, 1381477703
 > 38.100.21.66, 1381490745
 > 66.249.73.102, 1381495032
 > 173.192.34.95, 1381511015
 > 107.21.183.228, 1381513210
 > 180.76.5.182, 1381538390
 > 66.249.73.174, 1381554997
 > 157.55.32.229, 1381573385
 > 173.49.24.118, 1381574609
 > 54.211.246.101, 1381574662
 > 54.211.246.101, 1381574663
 > 66.249.64.8, 1381591894
 > 178.154.178.251, 1381613360
 > 66.249.73.174, 1381698573
 > 208.115.113.84, 1381708666
 > 66.249.73.102, 1381759197
 > 66.249.73.174, 1381768172
 > 54.211.176.44, 1381794153
 > 66.249.73.174, 1381796928
 > 208.115.111.68, 1381804231
 > 178.154.178.251, 1381814348
 > 66.249.64.4, 1381877325
 > 180.76.5.26, 1381897082
 > 66.249.73.102, 1381915007
 > 66.249.73.102, 1381918302
 > 66.249.73.102, 1381918668
 > 66.249.73.102, 1381934759
 > 174.50.73.243, 1381954558
 > 66.249.73.174, 1381968115
 > 174.50.73.243, 1381979437
 > 23.23.222.104, 1382004967
 > 66.249.73.174, 1382008650
 > 66.249.64.4, 1382014711
 > 66.249.64.4, 1382014915
 > 66.249.64.5, 1382035851
 > 66.249.64.4, 1382036298
 > 174.50.73.243, 1382039725
 > 157.55.35.36, 1382042451
 > 66.249.64.4, 1382055768
 > 174.50.73.243, 1382058396
 > 174.50.73.243, 1382067788
 > 31.148.246.120, 1382121976
 > 199.59.148.211, 1382121984
 > 202.46.63.74, 1382138535
 > 119.63.193.130, 1382138550
 > 66.249.73.102, 1382147983
 > 66.249.73.174, 1382158469
 > 66.249.73.102, 1382158659
 > 66.249.73.102, 1382177520
 > 64.246.165.190, 1382210232
 > 66.249.64.5, 1382219728
 > 66.249.66.40, 1382219990
 > 66.249.66.62, 1382220749
 > 180.76.5.154, 1382257034
 > 66.249.73.174, 1382304893
 > 174.50.73.243, 1382317597
 > 178.154.178.251, 1382323432
 > 66.249.64.4, 1382333846
 > 208.43.225.84, 1382351945
 > 197.250.64.196, 1382358017
 > 66.249.64.5, 1382359912
 > 8.35.201.101, 1382409689
 > 188.138.84.140, 1382440790
 > 66.249.73.174, 1382450694
 > 66.249.73.174, 1382469625
 > 66.249.73.102, 1382504485
 > 178.154.178.251, 1382517302
 > 66.249.73.174, 1382532703
 > 119.63.193.196, 1382534558
 > 202.46.51.44, 1382534561
 > 180.76.5.17, 1382542330
 > 197.250.64.200, 1382562710
 > 91.200.13.36, 1382567825
 > 157.55.35.102, 1382590012
 > 66.249.73.174, 1382609560
 > 87.244.155.144, 1382642809
 > 66.249.73.174, 1382693079
 > 66.249.73.174, 1382715647
 > 180.76.5.187, 1382735855
 > 66.249.73.102, 1382810582
 > 66.249.73.174, 1382822687
 > 66.249.73.174, 1382873843
 > 119.63.193.131, 1382880108
 > 202.46.60.12, 1382880284
 > 208.113.98.152, 1382883254
 > 208.113.98.152, 1382883256
 > 46.229.167.149, 1382889510
 > 66.249.73.174, 1382924122
 > 219.148.47.124, 1382933300
 > 66.249.64.7, 1382961536
 > 180.76.5.10, 1382969910
 > 66.249.73.174, 1383010769
 > 208.115.113.84, 1383047950
 > 66.249.64.8, 1383075626
 > 66.249.73.102, 1383085162
 > 66.249.73.174, 1383099407
 > 208.115.111.68, 1383112715
 > 94.198.187.51, 1383146320
 > 41.59.13.192, 1383150481
 > 119.63.193.195, 1383161025
 > 66.249.64.7, 1383190768
 > 66.249.64.8, 1383212960
 > 37.247.54.236, 1383214198
 > 66.249.73.174, 1383229626
 > 174.50.73.243, 1383232914
 > 206.192.168.25, 1383235484
 > 92.241.245.126, 1383240038
 > 174.50.73.243, 1383242453
 > 64.246.187.42, 1383246678
 > 174.50.73.243, 1383251002
 > 180.76.5.172, 1383257941
 > 66.249.73.174, 1383267047
 > 157.55.35.87, 1383283041
 > 66.249.73.174, 1383283660
 > 66.249.64.7, 1383303836
 > 5.39.50.0, 1383308555
 > 202.46.60.60, 1383312144
 > 119.63.193.132, 1383312213
 > 157.55.33.86, 1383353156
 > 66.249.66.40, 1383357636
 > 174.50.73.243, 1383362338
 > 174.50.73.243, 1383362372
 > 157.55.33.86, 1383368813
 > 197.186.243.60, 1383382014
 > 66.249.64.5, 1383418075
 > 66.249.73.174, 1383493211
 > 68.35.180.38, 1383516800
 > 68.35.180.38, 1383519380
 > 66.249.64.2, 1383532172
 > 54.211.248.27, 1383532887
 > 1.187.44.210, 1383533183
 > 66.249.73.174, 1383533697
 > 54.237.57.40, 1383545122
 > 54.237.57.40, 1383545138
 > 66.249.73.174, 1383552191
 > 166.137.116.16, 1383597542
 > 66.249.73.174, 1383628545
 > 129.127.25.47, 1383697409
 > 54.204.254.234, 1383709717
 > 136.169.10.10, 1383716622
 > 213.137.237.242, 1383726817
 > 93.92.217.228, 1383732936
 > 66.249.73.174, 1383749303
 > 107.20.21.74, 1383756878
 > 66.249.74.139, 1383794212
 > 66.249.73.174, 1383835145
 > 66.249.73.174, 1383869094
 > 198.27.82.146, 1383881979
 > 54.226.73.245, 1383898033
 > 66.249.73.174, 1383944319
 > 180.76.5.87, 1383951006
 > 198.199.122.109, 1383972038
 > 198.199.122.109, 1383973587
 > 66.249.64.3, 1383988880
 > 66.249.73.102, 1383998409
 > 178.154.178.251, 1384016369
 > 66.249.73.174, 1384037193
 > 198.211.107.157, 1384049741
 > 180.76.5.170, 1384059812
 > 185.29.8.139, 1384075100
 > 66.249.73.174, 1384092965
 > 66.249.64.1, 1384102903
 > 54.227.138.75, 1384110613
 > 54.242.250.73, 1384114357
 > 69.58.178.56, 1384138145
 > 69.58.178.56, 1384138146
 > 66.249.73.174, 1384140483
 > 41.222.57.11, 1384167044
 > 109.206.163.203, 1384176921
 > 66.249.64.7, 1384216876
 > 66.249.73.174, 1384229775
 > 180.76.5.56, 1384251853
 > 157.55.35.102, 1384299131
 > 64.246.165.180, 1384329466
 > 66.249.64.5, 1384331025
 > 107.21.180.92, 1384336386
 > 38.100.21.66, 1384336509
 > 208.115.113.84, 1384344231
 > 66.249.73.174, 1384353622
 > 157.55.35.78, 1384353886
 > 173.193.219.168, 1384383306
 > 66.249.73.174, 1384404416
 > 208.115.111.68, 1384423143
 > 41.222.177.109, 1384439564
 > 66.249.64.5, 1384445242
 > 66.249.73.102, 1384453508
 > 54.225.214.113, 1384468906
 > 208.90.57.196, 1384475462
 > 115.47.41.175, 1384480690
 > 23.23.222.104, 1384497135
 > 66.249.73.174, 1384559337
 > 66.249.73.174, 1384569047
 > 180.76.5.94, 1384609195
 > 66.249.73.174, 1384614236
 > 66.249.73.174, 1384673569
 > 174.76.140.74, 1384687576
 > 174.76.140.74, 1384687576
 > 91.200.13.36, 1384697548
 > 199.217.119.4, 1384752422
 > 199.217.119.4, 1384752422
 > 199.217.119.4, 1384752422
 > 66.249.73.174, 1384800033
 > 94.228.220.68, 1384860937
 > 66.249.73.174, 1384861766
 > 162.243.87.120, 1384863050
 > 66.249.73.174, 1384870792
 > 128.109.70.86, 1384877298
 > 197.250.4.46, 1384891297
 > 180.76.6.213, 1384897644
 > 85.25.110.111, 1384914417
 > 197.221.198.177, 1384927405
 > 66.249.73.102, 1384934423
 > 96.227.124.37, 1384968075
 > 174.240.225.200, 1384983845
 > 66.249.73.174, 1384994818
 > 174.76.140.74, 1385000518
 > 174.76.140.74, 1385000518
 > 66.249.73.174, 1385015575
 > 46.229.167.149, 1385056434
 > 66.249.73.102, 1385073033
 > 119.63.193.195, 1385090934
 > 202.46.62.97, 1385091025
 > 72.14.226.9, 1385115288
 > 66.249.73.174, 1385154817
 > 66.249.73.174, 1385165909
 > 91.123.195.136, 1385178266
 > 91.123.195.136, 1385179691
 > 66.249.73.102, 1385187137
 > 208.90.57.196, 1385201568
 > 157.55.35.37, 1385225171
 > 180.76.6.37, 1385266955
 > 199.59.148.209, 1385278560
 > 66.249.73.174, 1385281192
 > 178.154.178.251, 1385300838
 > 66.249.73.102, 1385301235
 > 66.249.73.174, 1385305243
 > 188.138.84.140, 1385311160
 > 91.200.14.88, 1385407253
 > 66.162.42.130, 1385410716
 > 66.249.64.6, 1385415045
 > 66.249.64.1, 1385415339
 > 172.246.33.37, 1385423372
 > 216.145.14.142, 1385437106
 > 66.249.64.5, 1385440504
 > 66.249.64.8, 1385463320
 > 66.249.64.1, 1385468462
 > 66.249.73.102, 1385475148
 > 66.249.73.102, 1385477719
 > 66.249.73.174, 1385546319
 > 66.249.73.174, 1385549811
 > 162.243.38.15, 1385571447
 > 192.96.204.42, 1385595331
 > 192.96.204.42, 1385595675
 > 178.154.178.251, 1385630995
 > 208.115.113.84, 1385639789
 > 66.249.73.102, 1385643603
 > 180.76.5.154, 1385644023
 > 66.249.73.174, 1385676607
 > 157.55.35.81, 1385713622
 > 66.249.73.174, 1385716147
 > 208.115.111.68, 1385748048
 > 157.55.35.81, 1385755042
 > 209.190.12.70, 1385759898
 > 66.249.73.174, 1385765348
 > 157.55.35.81, 1385796689
 > 180.153.236.121, 1385806232
 > 66.249.73.174, 1385824017
 > 178.154.178.251, 1385836651
 > 5.39.50.0, 1385847124
 > 174.240.12.66, 1385859539
 > 97.123.186.26, 1385866241
 > 157.56.92.162, 1385891211
 > 66.249.66.62, 1385929620
 > 157.55.32.94, 1385931874
 > 66.249.73.174, 1385988427
 > 157.55.35.99, 1385994886
 > 180.76.5.54, 1386002020
 > 66.249.73.174, 1386012029
 > 66.249.73.174, 1386023824
 > 157.56.229.245, 1386038545
 > 178.154.178.251, 1386058613
 > 157.56.229.245, 1386074508
 > 162.243.100.220, 1386093518
 > 198.199.76.198, 1386093883
 > 199.167.148.197, 1386122091
 > 66.249.73.174, 1386123216
 > 162.243.105.20, 1386136966
 > 157.56.93.103, 1386138479
 > 157.56.93.62, 1386144445
 > 197.186.132.230, 1386148197
 > 66.249.73.174, 1386157143
 > 66.249.75.40, 1386189383
 > 157.55.32.60, 1386193347
 > 65.55.55.229, 1386236834
 > 178.154.178.251, 1386250761
 > 142.255.95.123, 1386270597
 > 66.249.75.40, 1386271085
 > 66.249.75.40, 1386277928
 > 157.56.93.49, 1386281759
 > 180.76.6.230, 1386303123
 > 162.243.146.141, 1386304837
 > 162.243.146.196, 1386304837
 > 162.243.146.143, 1386304838
 > 109.206.179.161, 1386345393
 > 157.55.32.62, 1386373521
 > 65.55.24.220, 1386375506
 > 66.249.75.40, 1386385247
 > 66.249.75.62, 1386408990
 > 65.55.52.89, 1386418141
 > 24.59.16.44, 1386453293
 > 157.55.35.114, 1386455494
 > 195.234.136.80, 1386459313
 > 24.59.16.44, 1386474433
 > 193.0.146.27, 1386494358
 > 66.249.75.40, 1386495737
 > 65.55.24.214, 1386498898
 > 66.249.75.40, 1386499231
 > 66.249.75.40, 1386506572
 > 128.230.138.147, 1386539672
 > 157.55.33.104, 1386552819
 > 64.246.178.34, 1386560516
 > 66.249.76.174, 1386563886
 > 198.199.76.203, 1386573488
 > 162.243.100.221, 1386573488
 > 192.241.132.27, 1386573489
 > 198.199.82.240, 1386573489
 > 95.67.80.226, 1386579452
 > 157.56.92.176, 1386580667
 > 142.255.95.123, 1386596421
 > 142.255.95.123, 1386596968
 > 66.249.73.174, 1386601588
 > 157.56.93.187, 1386610337
 > 180.76.6.48, 1386632484
 > 66.249.73.174, 1386646147
 > 5.39.50.0, 1386650945
 > 157.55.32.101, 1386677043
 > 54.211.89.78, 1386704514
 > 174.50.73.243, 1386711669
 > 157.55.35.94, 1386712068
 > 198.27.66.80, 1386720812
 > 66.249.76.174, 1386727743
 > 69.58.178.56, 1386742876
 > 69.58.178.56, 1386742877
 > 157.55.35.94, 1386749903
 > 199.101.103.130, 1386758402
 > 66.249.76.174, 1386772749
 > 162.243.67.202, 1386777657
 > 67.164.185.202, 1386789650
 > 157.55.32.113, 1386794162
 > 157.56.93.74, 1386833312
 > 66.249.76.174, 1386835689
 > 66.249.76.174, 1386841547
 > 66.249.76.102, 1386886895
 > 208.115.113.84, 1386936100
 > 162.243.105.81, 1386937925
 > 162.243.105.81, 1386937976
 > 66.249.73.174, 1386947378
 > 95.173.163.157, 1386961742
 > 180.76.5.151, 1386973493
 > 66.249.73.174, 1386990386
 > 46.4.48.68, 1387010574
 > 157.55.34.93, 1387053341
 > 162.243.105.81, 1387060939
 > 66.249.66.62, 1387069705
 > 64.120.214.178, 1387071306
 > 82.94.226.104, 1387071832
 > 23.23.222.104, 1387121514
 > 66.249.73.174, 1387122298
 > 66.249.73.174, 1387122329
 > 54.196.123.196, 1387165403
 > 208.115.111.68, 1387173405
 > 66.249.73.102, 1387183746
 > 41.222.181.128, 1387225564
 > 174.50.73.243, 1387248720
 > 66.249.73.174, 1387253778
 > 66.249.73.174, 1387264305
 > 68.233.249.182, 1387269692
 > 66.249.73.174, 1387278608
 > 46.4.48.68, 1387290338
 > 66.249.73.102, 1387297895
 > 37.143.15.214, 1387299862
 > 174.50.73.243, 1387309289
 > 174.50.73.243, 1387309289
 > 50.67.161.111, 1387318154
 > 38.100.21.65, 1387333751
 > 180.76.5.17, 1387340287
 > 178.154.178.251, 1387349313
 > 66.249.73.174, 1387364452
 > 66.249.73.174, 1387373249
 > 54.206.10.238, 1387384693
 > 66.249.73.102, 1387412095
 > 178.154.178.251, 1387453288
 > 77.120.122.115, 1387470090
 > 209.234.181.82, 1387475129
 > 209.234.181.82, 1387475977
 > 66.249.73.174, 1387485759
 > 66.249.73.174, 1387491241
 > 66.249.73.102, 1387526219
 > 77.120.122.115, 1387531427
 > 80.73.72.130, 1387542223
 > 191.234.39.86, 1387542320
 > 162.243.19.119, 1387550330
 > 24.224.239.219, 1387555472
 > 66.249.73.174, 1387625669
 > 66.249.73.174, 1387638251
 > 66.249.73.102, 1387640371
 > 66.249.73.174, 1387649516
 > 192.241.191.244, 1387652823
 > 180.76.5.152, 1387668867
 > 64.246.165.160, 1387673513
 > 192.99.9.228, 1387683400
 > 66.249.73.102, 1387754399
 > 162.243.105.81, 1387779336
 > 207.182.143.242, 1387826040
 > 199.217.119.4, 1387836218
 > 199.217.119.4, 1387836218
 > 199.217.119.4, 1387836218
 > 66.249.73.174, 1387866064
 > 66.249.73.102, 1387868566
 > 162.243.105.81, 1387899951
 > 157.55.36.35, 1387902278
 > 66.249.64.4, 1387919734
 > 131.253.24.55, 1387922781
 > 192.96.204.42, 1387926589
 > 66.249.76.174, 1387941367
 > 157.55.33.103, 1387947129
 > 10.0.37.181, 1387969053
 > 207.189.121.45, 1387972940
 > 207.189.121.45, 1387972951
 > 207.189.121.45, 1387972960
 > 207.189.121.45, 1387972980
 > 207.189.121.45, 1387972994
 > 207.189.121.45, 1387973009
 > 207.189.121.41, 1387974015
 > 207.189.121.41, 1387975235
 > 66.249.73.102, 1387984025
 > 162.243.105.41, 1387984118
 > 66.249.73.102, 1387989877
 > 66.249.73.102, 1387993404
 > 66.249.73.102, 1387998768
 > 149.210.156.136, 1388023944
 > 180.76.6.231, 1388035037
 > 66.249.73.174, 1388082409
 > 162.243.105.41, 1388146412
 > 146.120.158.6, 1388153982
 > 199.59.148.211, 1388153988
 > 66.249.73.174, 1388155596
 > 162.243.146.141, 1388191107
 > 192.96.204.42, 1388212949
 > 66.249.73.174, 1388213588
 > 162.243.92.146, 1388216747
 > 41.188.176.50, 1388223947
 > 162.243.146.143, 1388240896
 > 98.203.232.137, 1388260805
 > 144.76.95.231, 1388263293
 > 66.249.73.174, 1388300854
 > 66.249.66.40, 1388323861
 > 146.232.42.231, 1388350278
 > 66.249.66.40, 1388363108
 > 180.76.5.77, 1388372811
 > 188.237.186.161, 1388382144
 > 174.50.73.243, 1388409555
 > 66.249.73.174, 1388422537
 > 66.249.73.102, 1388458974
 > 208.115.113.84, 1388463427
 > 178.154.178.251, 1388482456
 > 66.249.73.174, 1388495636
 > 66.249.73.174, 1388496400
 > 202.46.51.43, 1388496422
 > 119.63.193.194, 1388496533
 > 192.241.132.143, 1388509964
 > 192.241.132.143, 1388509979
 > 192.241.132.143, 1388510034
 > 192.241.132.143, 1388510046
 > 192.96.204.42, 1388512463
 > 202.46.53.36, 1388554000
 > 119.63.193.196, 1388554106
 > 162.243.105.81, 1388577876
 > 66.249.73.174, 1388599712
 > 66.249.73.174, 1388610549
 > 162.243.146.143, 1388651125
 > 188.164.129.247, 1388666673
 > 193.163.223.68, 1388671148
 > 216.85.6.202, 1388686321
 > 180.76.6.230, 1388720026
 > 66.249.73.174, 1388724707
 > 66.249.73.174, 1388729899
 > 208.115.111.68, 1388757789
 > 66.249.73.174, 1388773387
 > 31.11.220.63, 1388773706
 > unknown, 1388810452
 > 192.96.204.42, 1388815422
 > 198.27.82.154, 1388816276
 > 213.137.237.246, 1388820880
 > 66.249.73.174, 1388839065
 > 162.243.146.141, 1388859022
 > 96.227.124.37, 1388863778
 > 157.55.35.43, 1388880632
 > 31.11.220.88, 1388899479
 > 66.249.73.102, 1388902043
 > 66.249.64.7, 1388936142
 > 157.55.35.43, 1388938282
 > 66.249.64.4, 1388951168
 > 66.249.76.174, 1388971708
 > 66.249.64.4, 1388997778
 > 162.243.192.18, 1389036130
 > 176.9.192.110, 1389058162
 > 119.63.193.130, 1389065560
 > 66.249.73.174, 1389067040
 > 216.145.17.190, 1389067147
 > 162.243.146.141, 1389071733
 > 180.76.5.151, 1389080504
 > 192.96.204.42, 1389114849
 > 174.129.130.225, 1389134330
 > 162.243.72.212, 1389140245
 > 180.153.236.67, 1389142787
 > 192.241.132.143, 1389168632
 > 66.249.73.174, 1389171891
 > 66.249.73.174, 1389199343
 > 74.52.245.146, 1389221531
 > unknown, 1389229695
 > 24.227.93.117, 1389235622
 > 202.46.62.105, 1389266484
 > 119.63.193.131, 1389266588
 > 66.249.73.174, 1389267002
 > 88.233.74.240, 1389287854
 > 54.205.125.233, 1389298996
 > 162.243.146.199, 1389301491
 > 5.64.220.40, 1389310379
 > 66.249.73.102, 1389352301
 > 199.30.228.128, 1389382606
 > 162.243.105.41, 1389388823
 > 66.249.73.174, 1389405429
 > 180.76.5.21, 1389432412
 > 78.191.210.251, 1389446795
 > 74.103.216.186, 1389458035
 > 66.249.73.102, 1389466323
 > 66.249.73.174, 1389466605
 > 66.249.73.174, 1389474460
 > 46.53.195.157, 1389476698
 > 192.96.204.42, 1389481035
 > 69.58.178.58, 1389487264
 > 69.58.178.58, 1389487336
 > 54.211.15.22, 1389542537
 > 67.176.134.22, 1389560297
 > 74.43.43.149, 1389566568
 > 61.55.185.142, 1389579159
 > 66.249.73.102, 1389580643
 > 85.214.25.242, 1389589209
 > 50.17.170.106, 1389614877
 > 66.249.73.174, 1389628267
 > 66.249.73.174, 1389631317
 > 192.96.204.42, 1389639059
 > 162.243.89.104, 1389655011
 > 24.227.93.117, 1389657963
 > 24.227.93.117, 1389657964
 > 173.49.24.118, 1389693111
 > 66.249.73.102, 1389694563
 > 5.39.50.0, 1389695179
 > 50.149.18.55, 1389698626
 > 66.249.73.174, 1389711118
 > 173.193.219.168, 1389716025
 > 180.76.5.94, 1389743322
 > 178.154.178.251, 1389743506
 > 162.243.225.142, 1389766974
 > 46.38.23.226, 1389770290
 > 66.249.73.174, 1389777811
 > 66.249.73.102, 1389789190
 > 157.56.92.178, 1389790604
 > 192.96.204.42, 1389791809
 > 5.56.63.61, 1389792785
 > 23.23.222.104, 1389798046
 > 157.55.32.117, 1389841340
 > 202.46.62.34, 1389842718
 > 119.63.193.196, 1389842830
 > 66.249.73.174, 1389850173
 > 162.243.236.78, 1389856955
 > 198.27.82.159, 1389867017
 > 206.225.83.83, 1389874666
 > 91.207.5.38, 1389880278
 > 66.249.73.174, 1389895723
 > 66.249.73.102, 1389922751
 > 208.115.113.84, 1389944896
 > 74.103.216.186, 1389964375
 > 50.16.102.96, 1389985883
 > 66.249.75.40, 1390013640
 > 66.249.75.40, 1390017357
 > 38.100.21.68, 1390017991
 > 66.249.75.62, 1390036897
 > 66.249.75.40, 1390037836
 > 66.249.73.174, 1390069251
 > 146.120.166.152, 1390133505
 > 66.249.66.40, 1390141842
 > 66.249.66.62, 1390150917
 > 46.149.110.130, 1390169496
 > 192.96.204.42, 1390174958
 > 64.246.165.150, 1390182981
 > 193.105.210.174, 1390185732
 > 162.243.193.14, 1390205287
 > 178.255.80.147, 1390207092
 > 178.255.80.147, 1390207092
 > 178.255.80.147, 1390207092
 > 66.249.73.102, 1390217327
 > 189.25.80.142, 1390241587
 > 208.115.111.68, 1390254191
 > 66.249.73.174, 1390268724
 > 162.243.100.200, 1390275853
 > 66.249.73.174, 1390303734
 > 66.249.73.174, 1390340000
 > 198.27.82.182, 1390375473
 > 159.92.170.84, 1390393177
 > 41.59.30.222, 1390397078
 > 173.252.112.115, 1390398978
 > 66.202.133.236, 1390398978
 > 46.4.48.68, 1390411961
 > 216.172.54.37, 1390455963
 > 192.96.204.42, 1390502343
 > 66.249.76.174, 1390542017
 > 66.249.76.174, 1390547038
 > 197.250.128.6, 1390561508
 > 66.249.73.174, 1390581995
 > 66.249.73.174, 1390587545
 > 178.154.178.251, 1390596273
 > 54.201.99.209, 1390637904
 > 54.201.99.209, 1390637905
 > 54.201.99.209, 1390637905
 > 66.249.73.102, 1390656746
 > 207.182.143.242, 1390688122
 > 66.249.73.174, 1390690655
 > 157.55.35.104, 1390693618
 > 157.55.35.104, 1390748299
 > 149.135.102.32, 1390790987
 > 66.249.73.174, 1390793420
 > 66.249.73.174, 1390822150
 > 192.96.204.42, 1390827436
 > 178.154.178.251, 1390842532
 > 66.249.73.174, 1390847587
 > 46.229.170.197, 1390859420
 > 162.243.242.121, 1390884493
 > 149.119.195.197, 1390951362
 > 182.236.163.238, 1390989284
 > 182.236.163.238, 1390989321
 > 91.207.5.46, 1390990769
 > 66.249.75.40, 1391008625
 > 66.249.75.40, 1391020517
 > 66.249.75.40, 1391043623
 > 66.249.75.62, 1391047734
 > 66.249.75.62, 1391052992
 > 66.249.75.62, 1391054092
 > 66.249.75.62, 1391061252
 > 77.79.92.102, 1391069502
 > 66.249.73.102, 1391089736
 > 95.85.20.19, 1391091934
 > 95.85.20.19, 1391091934
 > 95.85.20.19, 1391091935
 > 66.249.73.174, 1391145263
 > 192.96.204.42, 1391160480
 > 209.189.130.127, 1391187965
 > 41.222.177.107, 1391197058
 > 91.208.16.239, 1391220068
 > 5.248.208.87, 1391222918
 > 66.249.73.174, 1391260057
 > 66.249.73.174, 1391282730
 > 64.246.165.10, 1391305526
 > 208.115.113.84, 1391313545
 > 66.249.73.174, 1391315278
 > 180.76.5.26, 1391315575
 > 91.208.16.239, 1391325395
 > 60.242.17.126, 1391329162
 > 178.154.178.251, 1391337200
 > 31.202.247.233, 1391371636
 > 174.28.226.203, 1391380587
 > 68.35.180.38, 1391383318
 > 66.249.16.211, 1391385653
 > 66.249.84.46, 1391385654
 > 174.28.26.127, 1391387440
 > 68.35.180.38, 1391387905
 > 79.114.119.129, 1391460532
 > 66.249.73.174, 1391492349
 > 178.154.178.251, 1391501100
 > 192.96.204.42, 1391511191
 > 187.121.166.148, 1391531490
 > 162.243.24.106, 1391533379
 > 64.106.111.10, 1391536452
 > 64.106.111.10, 1391542273
 > 66.249.76.102, 1391548701
 > 66.249.76.174, 1391549182
 > 208.115.111.68, 1391564829
 > 66.249.76.174, 1391581196
 > 157.56.229.186, 1391603594
 > 179.199.25.124, 1391626209
 > 157.56.229.186, 1391651302
 > 66.249.73.174, 1391671192
 > 180.76.5.20, 1391671224
 > 202.46.50.11, 1391685135
 > 119.63.193.195, 1391685220
 > unknown, 1391697104
 > 65.19.46.197, 1391707539
 > 202.46.60.63, 1391771560
 > 119.63.193.132, 1391771647
 > 66.249.73.174, 1391795473
 > 66.249.73.174, 1391799328
 > 66.249.73.174, 1391854134
 > 192.96.204.42, 1391859506
 > 206.192.168.25, 1391877516
 > 206.192.181.30, 1391880443
 > 109.68.191.150, 1391882817
 > 172.246.33.37, 1391908726
 > 162.243.207.173, 1391914531
 > 108.36.76.34, 1391928033
 > ::1, 1394899944
 > ::1, 1394899956
 > ::1, 1394899958
 > ::1, 1394899962
 > 127.0.0.1, 1394900078
 > 127.0.0.1, 1394900081
 > 127.0.0.1, 1394900085
 > ::1, 1394901613
 > ::1, 1394901680
 > ::1, 1394901752
 > ::1, 1394902410
 > ::1, 1394902452
 > ::1, 1394903265
 > ::1, 1394903317
 > ::1, 1394903365
 > ::1, 1394903394
 > ::1, 1394938212
 > ::1, 1395181295
 > ::1, 1395193430
 > ::1, 1395193724
 > ::1, 1395193886
 > ::1, 1395193971
 > ::1, 1395193977
 > ::1, 1395194042
 > ::1, 1395194042
 > ::1, 1395194110
 > ::1, 1395194120
 > ::1, 1395194129
 > ::1, 1395194137
 > ::1, 1395194160
 > ::1, 1395194259
 > ::1, 1395194714
 > ::1, 1395194723
 > ::1, 1395194759
 > ::1, 1395194860
 > ::1, 1395194990
 > ::1, 1395195267
 > ::1, 1395195707
 > ::1, 1395195724
 > ::1, 1395195744
 > ::1, 1395195777
 > ::1, 1395195790
 > ::1, 1395196015
 > ::1, 1395196071
 > ::1, 1395196081
 > ::1, 1395197252
 > ::1, 1395197316
 > ::1, 1395197328
 > ::1, 1395197385
 > ::1, 1395197396
 > ::1, 1395197404
 > ::1, 1395197637
 > ::1, 1395197647
 > ::1, 1395197680
 > ::1, 1395197691
 > ::1, 1395197704
 > ::1, 1395197726
 > ::1, 1395200072
 > ::1, 1395200133
 > ::1, 1395200667
 > ::1, 1395200708
 > ::1, 1395200782
 > ::1, 1395200793
 > ::1, 1395201417
 > ::1, 1395201589
 > fe80::416:9354:914f:c9c7, 1395201714
 > 192.168.2.11, 1395201715
 > 192.168.2.11, 1395201824
 > fe80::416:9354:914f:c9c7, 1395201830
 > 192.168.2.11, 1395201842
 > 192.168.2.11, 1395201855
 > fe80::416:9354:914f:c9c7, 1395201863
 > 192.168.2.11, 1395201867
 > fe80::416:9354:914f:c9c7, 1395201951
 > fe80::416:9354:914f:c9c7, 1395201978
 > 192.168.2.11, 1395201983
 > fe80::416:9354:914f:c9c7, 1395201985
 > 192.168.2.11, 1395201994
 > 192.168.2.11, 1395202011
 > 192.168.2.11, 1395202028
 > 192.168.2.11, 1395202041
 > 192.168.2.11, 1395202059
 > 192.168.2.11, 1395202074
 > 192.168.2.11, 1395202084
 > 192.168.2.11, 1395202094
 > fe80::416:9354:914f:c9c7, 1395202105
 > 192.168.2.11, 1395205774
 > 192.168.2.11, 1395205778
 > 192.168.2.11, 1395371402
 > 174.28.21.246, 1395428458
 > 174.28.21.246, 1395428464
 > 68.35.2.219, 1395428528
 > 68.35.2.219, 1395428528
 > 50.77.40.153, 1395429160
 > 50.77.40.153, 1395429160
 > 68.35.2.219, 1395429314
 > 68.35.2.219, 1395429315
 > 68.35.2.219, 1395429853
 > 68.35.2.219, 1395429853
 > 68.35.2.219, 1395429894
 > 68.35.2.219, 1395429894
 > 66.249.65.195, 1395434216
 > 66.249.65.195, 1395434216
 > 157.55.32.83, 1395434617
 > 157.55.32.83, 1395435871
 > 66.249.65.195, 1395436934
 > 180.76.5.69, 1395442799
 > 68.35.2.219, 1395450593
 > 68.35.2.219, 1395450598
 > 68.35.2.219, 1395450611
 > 68.35.2.219, 1395450614
 > 68.35.2.219, 1395450618
 > 68.35.2.219, 1395450623
 > 68.35.2.219, 1395450908
 > 68.35.2.219, 1395450909
 > 192.96.204.42, 1395488174
 > 68.35.2.219, 1395488878
 > 76.113.43.24, 1395496891
 > 76.113.43.24, 1395496894
 > 76.113.43.24, 1395496898
 > 76.113.43.24, 1395496898
 > 76.113.43.24, 1395496898
 > 46.229.170.197, 1395497116
 > 66.249.67.110, 1395500388
 > 66.249.66.40, 1395502943
 > 78.46.145.195, 1395512375
 > 78.46.145.195, 1395512376
 > 208.115.113.84, 1395512602
 > 68.35.2.219, 1395515162
 > 68.35.2.219, 1395515162
 > 68.35.180.38, 1395517651
 > 68.35.180.38, 1395517651
 > 68.35.180.38, 1395517652
 > 68.35.180.38, 1395517653
 > 68.35.180.38, 1395517653
 > 208.115.113.84, 1395517885
 > 208.115.111.68, 1395534291
 > 208.115.111.68, 1395539941
 > 178.125.242.98, 1395544946
 > 157.55.36.46, 1395611133
 > 157.55.36.46, 1395612935
 > 54.186.166.90, 1395619310
 > 54.186.166.90, 1395619310
 > 54.186.166.90, 1395619310
 > 66.249.75.40, 1395633252
 > 66.249.75.40, 1395633252
 > 144.76.133.78, 1395671596
 > 178.154.243.86, 1395680349
 > 157.55.33.34, 1395699350
 > 157.55.33.34, 1395699386
 > 199.30.24.97, 1395699389
 > 174.50.73.243, 1395711596
 > 144.76.133.78, 1395712491
 > 174.50.73.243, 1395713096
 > 174.50.73.243, 1395713098
 > 174.50.73.243, 1395713100
 > 174.50.73.243, 1395713141
 > 76.113.43.24, 1395720579
 > 76.113.43.24, 1395720589
 > 76.113.43.24, 1395720590
 > 76.113.43.24, 1395759162
 > 76.113.43.24, 1395759172
 > 76.113.43.24, 1395759173
 > 66.249.75.40, 1395766723
 > 66.249.75.40, 1395766723
 > 66.249.75.40, 1395778443
 > 65.55.215.45, 1395778672
 > 180.76.5.72, 1395798929
 > 180.76.5.154, 1395815694
 > 216.145.11.94, 1395824660
 > 216.145.11.94, 1395824660
 > 192.95.29.70, 1395832890
 > 192.95.29.70, 1395832890
 > 144.76.133.78, 1395841032
 > 202.46.54.35, 1395854397
 > 119.63.193.130, 1395854503
 > 63.92.244.201, 1395857391
 > 63.92.244.201, 1395857391
 > 63.92.244.201, 1395857391
 > 63.92.244.201, 1395857391
 > 63.92.244.201, 1395857392
 > 208.90.57.196, 1395858883
 > 66.249.75.40, 1395868632
 > 66.249.75.40, 1395868632
 > 108.68.168.242, 1395868787
 > 108.68.168.242, 1395868789
 > 108.68.168.242, 1395868792
 > 208.115.113.84, 1395873503
 > 208.115.113.84, 1395878240
 > 108.59.80.122, 1395879817
 > 196.43.230.94, 1395911387
 > 196.43.230.94, 1395911398
 > 198.27.68.102, 1395915270
 > 198.27.68.102, 1395915271
 > 192.96.204.42, 1395944456
 > 65.55.52.92, 1395945787
 > 65.55.52.92, 1395945823
 > 144.76.133.78, 1395945991
 > 66.249.75.62, 1395954474
 > 66.249.75.62, 1395954474
 > 23.251.148.33, 1395957243
 > 66.249.75.40, 1395958003
 > 66.249.75.40, 1395958003
 > 180.76.5.74, 1395969828
 > 157.56.93.62, 1395990958
 > 157.56.93.62, 1395991040
 > 65.55.52.92, 1395994077
 > 66.249.75.40, 1395994106
 > 101.226.166.232, 1395994828
 > 66.249.75.62, 1396000672
 > 66.249.75.62, 1396000672
 > 142.255.95.123, 1396011028
 > 142.255.95.123, 1396011028
 > 142.255.95.123, 1396011029
 > 142.255.95.123, 1396011029
 > 142.255.95.123, 1396011030
 > 162.222.177.146, 1396017891
 > 101.226.166.232, 1396064862
 > 208.115.111.68, 1396067076
 > 208.115.111.68, 1396071579
 > 197.87.168.204, 1396083372
 > 197.87.168.204, 1396083391
 > 197.87.168.204, 1396083508
 > 197.87.168.204, 1396084122
 > 197.87.168.204, 1396084551
 > 197.87.168.204, 1396084581
 > 197.87.168.204, 1396084991
 > 197.87.168.204, 1396084992
 > 173.255.117.69, 1396096128
 > 174.50.73.243, 1396096669
 > 174.50.73.243, 1396096670
 > 54.81.146.133, 1396102098
 > 54.81.146.133, 1396102098
 > 65.55.52.89, 1396118505
 > 65.55.52.89, 1396119137
 > 166.137.209.17, 1396120752
 > 166.137.209.17, 1396120754
 > 166.137.209.17, 1396120760
 > 166.137.209.30, 1396125953
 > 166.137.209.30, 1396125955
 > 23.236.60.76, 1396134823
 > 66.249.73.174, 1396141309
 > 66.249.73.174, 1396141309
 > 178.154.178.251, 1396146531
 > 180.76.6.150, 1396147410
 > 70.115.138.8, 1396157253
 > 70.115.138.8, 1396157254
 > 70.115.138.8, 1396157254
 > 70.115.138.8, 1396157254
 > 70.115.138.8, 1396157292
 > 70.115.138.8, 1396157292
 > 66.249.73.174, 1396165825
 > 66.249.73.174, 1396165825
 > 157.55.35.86, 1396167647
 > 157.55.35.86, 1396170822
 > 208.90.57.196, 1396173645
 > 207.241.226.231, 1396183866
 > 207.241.226.231, 1396183867
 > 207.241.226.231, 1396183868
 > 216.172.56.37, 1396212349
 > 157.55.32.190, 1396214081
 > 157.55.32.190, 1396215416
 > 68.35.2.219, 1396215974
 > 68.35.2.219, 1396215975
 > 68.35.2.219, 1396215977
 > 68.35.2.219, 1396216002
 > 68.35.2.219, 1396218970
 > 68.35.2.219, 1396218971
 > 68.35.2.219, 1396219136
 > 68.35.2.219, 1396219137
 > 68.35.2.219, 1396219148
 > 68.35.2.219, 1396222532
 > 202.46.54.55, 1396250699
 > 119.63.193.194, 1396250810
 > 174.50.73.243, 1396253100
 > 174.50.73.243, 1396253100
 > 174.50.73.243, 1396253101
 > 83.149.126.98, 1396306354
 > 83.149.126.98, 1396306356
 > 166.137.119.20, 1396314302
 > 23.251.159.231, 1396316124
 > 72.12.194.166, 1396323197
 > 72.12.194.166, 1396323198
 > 72.12.194.166, 1396323199
 > 72.12.194.166, 1396323199
 > 72.12.194.166, 1396323215
 > 72.12.194.166, 1396323315
 > 72.12.194.166, 1396323315
 > 46.229.170.197, 1396340954
 > 202.46.62.27, 1396343833
 > 119.63.193.131, 1396343928
 > 202.46.53.68, 1396358422
 > 119.63.193.131, 1396358522
 > 66.249.68.174, 1396359244
 > 66.249.75.40, 1396359244
 > 68.35.2.219, 1396359792
 > 68.35.2.219, 1396359793
 > 68.35.2.219, 1396359820
 > 68.35.2.219, 1396359825
 > 68.35.2.219, 1396359825
 > 208.115.113.84, 1396377269
 > 208.115.113.84, 1396382391
 > 23.251.159.59, 1396385307
 > 208.113.153.238, 1396400194
 > 188.226.198.237, 1396401186
 > 66.249.68.142, 1396409856
 > 66.249.68.110, 1396409856
 > 192.187.115.242, 1396427423
 > 192.187.115.242, 1396427426
 > 66.249.76.174, 1396469259
 > 66.249.76.174, 1396469259
 > 66.249.76.102, 1396470185
 > 66.249.76.102, 1396470185
 > 23.251.156.83, 1396470573
 > 195.54.166.10, 1396474412
 > 199.223.236.129, 1396480125
 > 24.191.70.196, 1396492748
 > 24.191.70.196, 1396492749
 > 66.249.76.102, 1396493069
 > 66.249.76.102, 1396496754
 > 66.249.76.102, 1396496969
 > 69.197.161.234, 1396502396
 > 66.249.76.174, 1396525808
 > 66.249.76.174, 1396525808
 > 208.115.111.68, 1396527475
 > 180.76.6.146, 1396527913
 > 208.115.111.68, 1396533516
 > 173.192.34.95, 1396548913
 > 173.192.34.95, 1396548913
 > 173.192.34.95, 1396548913
 > 173.192.34.95, 1396548913
 > 173.192.34.95, 1396548914
 > 66.249.66.62, 1396550073
 > 66.249.66.62, 1396550073
 > 67.0.228.165, 1396558343
 > 67.0.228.165, 1396558345
 > 67.0.228.165, 1396558350
 > 67.0.228.165, 1396558350
 > 67.0.228.165, 1396558832
 > 198.27.67.56, 1396558870
 > 198.27.67.56, 1396558870
 > 67.0.228.165, 1396559491
 > 67.0.228.165, 1396559559
 > 37.228.142.233, 1396559921
 > 76.113.43.24, 1396568658
 > 76.113.43.24, 1396568658
 > 76.113.43.24, 1396568660
 > 76.113.43.24, 1396568666
 > 76.113.43.24, 1396568681
 > 178.154.243.86, 1396572795
 > 68.35.2.219, 1396580459
 > 68.35.2.219, 1396580461
 > 68.35.2.219, 1396580551
 > 23.251.158.4, 1396583782
 > 157.55.33.121, 1396601369
 > 157.55.33.121, 1396601688
 > 23.251.154.117, 1396626681
 > 157.55.33.101, 1396628522
 > 157.55.33.101, 1396628573
 > 157.55.32.226, 1396632293
 > 23.251.158.196, 1396647049
 > 66.249.73.174, 1396648113
 > 66.249.73.174, 1396648113
 > 187.107.175.66, 1396675727
 > 187.107.175.66, 1396675739
 > 66.249.74.126, 1396707794
 > 66.249.74.118, 1396707794
 > 208.115.113.84, 1396708468
 > 208.115.113.84, 1396713521
 > 182.118.25.241, 1396714553
 > 76.113.43.24, 1396734260
 > 76.113.43.24, 1396734262
 > 76.113.43.24, 1396734264
 > 76.113.43.24, 1396734264
 > 166.137.209.48, 1396735634
 > 166.137.209.48, 1396735636
 > 68.35.57.116, 1396757767
 > 68.35.57.116, 1396757768
 > 68.35.57.116, 1396757771
 > 178.154.178.251, 1396769919
 > 208.115.111.68, 1396816824
 > 166.137.209.15, 1396821017
 > 166.137.209.15, 1396821017
 > 166.137.209.15, 1396821031
 > 208.115.111.68, 1396822529
 > 66.249.74.135, 1396838268
 > 107.178.215.26, 1396838803
 > 64.34.111.32, 1396844733
 > 76.113.43.24, 1396872653
 > 76.113.43.24, 1396872660
 > 76.113.43.24, 1396872661
 > 177.7.99.128, 1396874594
 > 177.7.99.128, 1396874597
 > 66.249.74.111, 1396882770
 > 66.249.74.118, 1396882771
 > 23.251.157.161, 1396882816
 > 206.169.103.163, 1396891315
 > 206.169.103.163, 1396891317
 > 206.169.103.163, 1396891526
 > 206.169.103.163, 1396891526
 > 162.243.198.188, 1396897826
 > 162.243.198.188, 1396897832
 > 76.113.49.66, 1396901873
 > 76.113.49.66, 1396901874
 > 76.113.49.66, 1396901938
 > 76.113.49.66, 1396901938
 > 66.249.74.136, 1396903111
 > 76.113.49.66, 1396904667
 > 76.113.49.66, 1396904668
 > 66.249.74.124, 1396908880
 > 208.115.113.84, 1396909780
 > 208.115.113.84, 1396914675
 > 166.137.209.32, 1396915772
 > 166.137.209.32, 1396915776
 > 166.137.209.32, 1396915834
 > 166.137.209.32, 1396915835
 > 166.137.209.32, 1396915865
 > 166.137.209.23, 1396916070
 > 166.137.209.23, 1396916072
 > 166.137.209.23, 1396916092
 > 166.137.209.23, 1396916150
 > 75.173.127.79, 1396919516
 > 75.173.127.79, 1396919516
 > 75.173.127.79, 1396919520
 > 69.247.64.189, 1396920152
 > 69.247.64.189, 1396920153
 > 69.247.64.189, 1396920155
 > 69.247.64.189, 1396920155
 > 70.57.253.34, 1396920233
 > 70.57.253.34, 1396920233
 > 70.57.253.34, 1396920329
 > 174.50.73.243, 1396924712
 > 174.50.73.243, 1396924715
 > 174.50.73.243, 1396924716
 > 178.154.178.251, 1396925298
 > ::1, 1396926121
 > ::1, 1397008437
 > ::1, 1397008547
 > ::1, 1397008668
 > ::1, 1397009035
 > ::1, 1397009105
 > ::1, 1397009396
 > ::1, 1397009419
 > ::1, 1397009429
 > ::1, 1397009498
 > ::1, 1397009510
 > ::1, 1397009522
 > ::1, 1397009932
 > ::1, 1397009960
 > ::1, 1397010127
 > ::1, 1397010216
 > ::1, 1397010225
 > ::1, 1397010252
 > ::1, 1397010304
 > ::1, 1397010320
 > ::1, 1397010333
 > ::1, 1397010351
 > ::1, 1397010389
 > ::1, 1397010532
 > ::1, 1397010548
 > ::1, 1397011228
 > ::1, 1397011355
 > ::1, 1397011362
 > ::1, 1397011373
 > ::1, 1397011706
 > ::1, 1397011718
 > ::1, 1397011737
 > ::1, 1397011743
 > ::1, 1397011795
 > ::1, 1397011799
 > 192.168.2.4, 1397012379
 > ::1, 1397012593
 > ::1, 1397012611
 > ::1, 1397012630
 > ::1, 1397012769
 > fe80::141b:5637:f2f6:e429, 1397015832
 > ::1, 1397079700
 > ::1, 1397157240
 > ::1, 1397322515
 > ::1, 1397323334
 > ::1, 1397323438
 > ::1, 1397323490
 > ::1, 1397323512
 > ::1, 1397323580
 > ::1, 1397323606
 > ::1, 1397323643
 > ::1, 1397323680
 > ::1, 1397323699
 > ::1, 1397323803
 > ::1, 1397323863
 > ::1, 1397323875
 > ::1, 1397324095
 > ::1, 1397324292
 > ::1, 1397324307
 > ::1, 1397324321
 > ::1, 1397324398
 > ::1, 1397324421
 > ::1, 1397324457
 > ::1, 1397324530
 > ::1, 1397324766
 > ::1, 1397324778
 > ::1, 1397324789
 > ::1, 1397325141
 > ::1, 1397348042
 > ::1, 1397348060
 > ::1, 1397348637
 > ::1, 1397348763
 > ::1, 1397348973
 > ::1, 1397348984
 > ::1, 1397348996
 > ::1, 1397349025
 > ::1, 1397349073
 > ::1, 1397349112
 > ::1, 1397349213
 > ::1, 1397349295
 > ::1, 1397349428
 > ::1, 1397349895
 > ::1, 1397349932
 > ::1, 1397350060
 > ::1, 1397350099
 > ::1, 1397350237
 > ::1, 1397350331
 > ::1, 1397358389
 > ::1, 1397358392
 > ::1, 1397361853
 > ::1, 1397362337
 > ::1, 1397362407
 > ::1, 1397362426
 > ::1, 1397362828
 > ::1, 1397363129
 > ::1, 1397363396
 > ::1, 1397363481
 > ::1, 1397399628
 > ::1, 1397399639
 > ::1, 1397399639
 > ::1, 1397399881
 > ::1, 1397399897
 > ::1, 1397399911
 > ::1, 1397399942
 > ::1, 1397400027
 > ::1, 1397400318
 > ::1, 1397400492
 > ::1, 1397400511
 > ::1, 1397400514
 > ::1, 1397400518
 > ::1, 1397400609
 > ::1, 1397400758
 > ::1, 1397400790
 > ::1, 1397400826
 > ::1, 1397400856
 > ::1, 1397400941
 > ::1, 1397401032
 > ::1, 1397401106
 > ::1, 1397401135
 > ::1, 1397401141
 > ::1, 1397401172
 > ::1, 1397401183
 > ::1, 1397401703
 > ::1, 1397401760
 > ::1, 1397401764
 > ::1, 1397403654
 > ::1, 1397403658
 > ::1, 1397404106
 > ::1, 1397404133
 > ::1, 1397404250
 > ::1, 1397404576
 > ::1, 1397404718
 > ::1, 1397404961
 > ::1, 1397404973
 > ::1, 1397404995
 > ::1, 1397405207
 > ::1, 1397405407
 > ::1, 1397405619
 > ::1, 1397426098
 > ::1, 1397426136
 > ::1, 1397426184
 > ::1, 1397426506
 > ::1, 1397426551
 > ::1, 1397426578
 > ::1, 1397426697
 > ::1, 1397426865
 > ::1, 1397426901
 > ::1, 1397426918
 > ::1, 1397426973
 > ::1, 1397427030
 > ::1, 1397427339
 > ::1, 1397428484
 > ::1, 1397428508
 > ::1, 1397428522
 > ::1, 1397428547
 > ::1, 1397428606
 > ::1, 1397428631
 > ::1, 1397428733
 > ::1, 1398019202
 > ::1, 1398019312
 > ::1, 1398019465
 > ::1, 1398019532
 > ::1, 1398019660
 > ::1, 1398019664
 > ::1, 1398019698
 > ::1, 1398019873
 > ::1, 1398020513
 > ::1, 1398020751
 > ::1, 1398020773
 > ::1, 1398020785
 > ::1, 1398020949
 > ::1, 1398021181
 > ::1, 1398021820
 > ::1, 1398021825
 > ::1, 1398021827
 > ::1, 1398021828
 > ::1, 1398021829
 > ::1, 1398021830
 > ::1, 1398021831
 > ::1, 1398021832
 > ::1, 1398021935
 > ::1, 1398021961
 > ::1, 1398021963
 > ::1, 1398021967
 > ::1, 1398022045
 > ::1, 1398022076
 > ::1, 1398022243
 > ::1, 1398022249
 > ::1, 1398022250
 > ::1, 1398022251
 > ::1, 1398022252
 > ::1, 1398022253
 > ::1, 1398022261
 > ::1, 1398022261
 > ::1, 1398022263
 > ::1, 1398022263
 > ::1, 1398022264
 > ::1, 1398022265
 > ::1, 1398022265
 > ::1, 1398022266
 > ::1, 1398022267
 > ::1, 1398022267
 > ::1, 1398022268
 > ::1, 1398022269
 > ::1, 1398022270
 > ::1, 1398022271
 > ::1, 1398022272
 > ::1, 1398022273
 > ::1, 1398022275
 > ::1, 1398022277
 > ::1, 1398022302
 > ::1, 1398022306
 > ::1, 1398022425
 > ::1, 1398022490
 > ::1, 1398022516
 > ::1, 1398022530
 > ::1, 1398022533
 > ::1, 1398022535
 > ::1, 1398022827
 > ::1, 1398023207
 > ::1, 1398023216
 > ::1, 1398023221
 > ::1, 1398023279
 > ::1, 1398023532
 > ::1, 1398023585
 > ::1, 1398023639
 > ::1, 1398023649
 > ::1, 1398023653
 > ::1, 1398023655
 > ::1, 1398023660
 > ::1, 1398023663
 > ::1, 1398023666
 > ::1, 1398023669
 > ::1, 1398023671
 > ::1, 1398023948
 > ::1, 1398023949
 > ::1, 1398024366
 > ::1, 1398024378
 > ::1, 1398024396
 > ::1, 1398024545
 > ::1, 1398024547
 > ::1, 1398024556
 > ::1, 1398024558
 > ::1, 1398024669
 > ::1, 1398024682
 > ::1, 1398024697
 > ::1, 1398024721
 > ::1, 1398024730
 > ::1, 1398024734
 > ::1, 1398024839
 > ::1, 1398024843
 > ::1, 1398024900
 > ::1, 1398024901
 > ::1, 1398024951
 > ::1, 1398042957
 > ::1, 1398042958
 > ::1, 1398042960
 > ::1, 1398042961
 > ::1, 1398042962
 > ::1, 1398042963
 > ::1, 1398193295
 > ::1, 1398267445
 > ::1, 1398303614
 > ::1, 1399136026
 > ::1, 1399136131
 > ::1, 1399136152
 > ::1, 1399136164
 > ::1, 1399136193
 > ::1, 1399136633
 > ::1, 1399175409
 > ::1, 1399175669
 > ::1, 1399227643
 > ::1, 1427679541
 > ::1, 1427679547
 > 10.80.168.156, 1427913327
 > 10.80.227.85, 1428428740
 > ::1, 1429669174
 > ::1, 1429669192
 > ::1, 1429669193
 > ::1, 1429669197
